name,email,city
John Doe,john.doe@example.com,Bengaluru
Jane Smith,jane.smith@example.com,New Yor
Bob Johnson,bob.johnson@example.com,San Francisco
Alice Brown,alice.brown@example.com,Los Angeles
Charlie Davis,charlie.davis@example.com,Chicago
Emily Clark,emily.clark@example.com,Houston
Frank Wilson,frank.wilson@example.com,Phoenix
Grace Harris,grace.harris@example.com,Philadelphia
Henry Young,henry.young@example.com,San Antonio
Irene White,irene.white@example.com,San Diego
Jack King,jack.king@example.com,Dallas
